{
    "Decision Tree": {
        "accuracy": 0.9983333333333333,
        "precision": 0.9983552631578948,
        "recall": 0.9983333333333333,
        "f1_score": 0.9983332592559668,
        "feature_importances": [
            [
                "oxygen_level",
                0.286
            ],
            [
                "fever",
                0.143
            ],
            [
                "systolic_bp",
                0.143
            ],
            [
                "sugar_level",
                0.143
            ],
            [
                "headache",
                0.1365
            ],
            [
                "runny_nose",
                0.1226
            ],
            [
                "sore_throat",
                0.0232
            ],
            [
                "fatigue",
                0.0028
            ],
            [
                "diastolic_bp",
                0.0
            ],
            [
                "cough",
                0.0
            ],
            [
                "shortness_of_breath",
                0.0
            ],
            [
                "chest_pain",
                0.0
            ],
            [
                "body_ache",
                0.0
            ],
            [
                "nausea",
                0.0
            ],
            [
                "vomiting",
                0.0
            ],
            [
                "dizziness",
                0.0
            ],
            [
                "confusion",
                0.0
            ],
            [
                "wheezing",
                0.0
            ]
        ],
        "confusion_matrix": [
            [
                75,
                0,
                0,
                0,
                0,
                0,
                0,
                0
            ],
            [
                0,
                75,
                0,
                0,
                0,
                0,
                0,
                0
            ],
            [
                0,
                0,
                75,
                0,
                0,
                0,
                0,
                0
            ],
            [
                0,
                0,
                0,
                75,
                0,
                0,
                0,
                0
            ],
            [
                0,
                0,
                0,
                0,
                75,
                0,
                0,
                0
            ],
            [
                0,
                0,
                0,
                0,
                0,
                75,
                0,
                0
            ],
            [
                0,
                0,
                0,
                0,
                0,
                1,
                74,
                0
            ],
            [
                0,
                0,
                0,
                0,
                0,
                0,
                0,
                75
            ]
        ]
    },
    "Random Forest": {
        "accuracy": 0.9983333333333333,
        "precision": 0.9983552631578948,
        "recall": 0.9983333333333333,
        "f1_score": 0.9983332592559668,
        "feature_importances": [
            [
                "fever",
                0.1328
            ],
            [
                "systolic_bp",
                0.1053
            ],
            [
                "oxygen_level",
                0.0967
            ],
            [
                "sugar_level",
                0.0901
            ],
            [
                "diastolic_bp",
                0.0826
            ],
            [
                "shortness_of_breath",
                0.0688
            ],
            [
                "headache",
                0.068
            ],
            [
                "runny_nose",
                0.0602
            ],
            [
                "nausea",
                0.0525
            ],
            [
                "sore_throat",
                0.05
            ],
            [
                "body_ache",
                0.0463
            ],
            [
                "wheezing",
                0.0387
            ],
            [
                "vomiting",
                0.0265
            ],
            [
                "dizziness",
                0.0231
            ],
            [
                "chest_pain",
                0.0183
            ],
            [
                "fatigue",
                0.0181
            ],
            [
                "cough",
                0.0169
            ],
            [
                "confusion",
                0.0053
            ]
        ],
        "confusion_matrix": [
            [
                75,
                0,
                0,
                0,
                0,
                0,
                0,
                0
            ],
            [
                0,
                75,
                0,
                0,
                0,
                0,
                0,
                0
            ],
            [
                0,
                0,
                75,
                0,
                0,
                0,
                0,
                0
            ],
            [
                0,
                0,
                0,
                75,
                0,
                0,
                0,
                0
            ],
            [
                0,
                0,
                0,
                0,
                75,
                0,
                0,
                0
            ],
            [
                0,
                0,
                0,
                0,
                0,
                75,
                0,
                0
            ],
            [
                0,
                0,
                0,
                0,
                0,
                1,
                74,
                0
            ],
            [
                0,
                0,
                0,
                0,
                0,
                0,
                0,
                75
            ]
        ]
    },
    "XGBoost": {
        "accuracy": 0.9966666666666667,
        "precision": 0.9967532467532468,
        "recall": 0.9966666666666667,
        "f1_score": 0.9966660739687055,